obs_id,usable,ourSpeciesID,dorsalImage,lateralImage,Possible
observation_10055744,0,NA,,,
observation_10221442,1,RN,10221442_1.jpg,10221442_2.jpg,
observation_10247768,0,NA,,,
observation_10281261,0,NA,,,
observation_10298060,1,RN,10298060_3.jpg,10298060_1.jpg,
observation_10302009,1,RN,10302009_1.jpg,10302009_2.jpg,
observation_10304763,1,RN,10304763_1.jpg,10304763_4.jpg,
observation_10304771,0,NA,,,
observation_10304856,1,RN,10304856_2.jpg,10304856_3.jpg,
observation_10304978,1,RN,10304978_3.jpg,10304978_4.jpg,
observation_10304992,1,RN,10304992_1.jpg,10304992_2.jpg,
observation_10318656,1,RN,10318656_1.jpg,10318656_2.jpg,1
observation_10324416,0,NA,,,
observation_10324576,0,NA,,,1
observation_10324783,1,RN,10324783_2.jpg,10324783_1.jpg,
observation_10324798,1,RN,10324798_1.jpg,10324798_2.jpg,1
observation_10340712,0,NA,,,
observation_10352589,1,RN,10352589_1.jpg,10352589_2.jpg,
observation_10352642,1,RN,10352642_1.jpg,10352642_2.jpg,
observation_10366258,0,NA,,,
observation_10369953,1,RN,10369953_2.jpg,10369953_1.jpg,
observation_10370078,1,RN,10370078_2.jpg,10370078_3.jpg,
observation_10370082,1,RN,10370082_2.jpg,10370082_1.jpg,
observation_10370155,1,RN,10370155_2.jpg,10370155_1.jpg,
observation_10370231,1,RN,10370231_2.jpg,10370231_3.jpg,1
observation_10370249,1,RN,10370249_5.jpg,10370249_1.jpg,
observation_10370761,1,RN,10370761_4.jpg,10370761_1.jpg,
observation_10371700,1,RN,10371700_4.jpg,10371700_1.jpg,
observation_10372907,0,NA,,,1
observation_10373149,1,RN,10373149_5.jpg,10373149_1.jpg,
observation_10374164,1,RN,10374164_3.jpg,10374164_1.jpg,
observation_10399257,1,RN,10399257_2.jpg,10399257_3.jpg,1
observation_10403094,1,RN,10403094_4.jpg,10403094_1.jpg,
observation_10426271,0,NA,,,1
observation_10436187,1,RN,10436187_2.jpg,10436187_3.jpg,
observation_10458970,0,NA,,,
observation_10459052,0,NA,,,
observation_10459134,1,RN,10459134_5.jpg,10459134_1.jpg,
observation_10466556,1,RN,10466556_1.jpg,10466556_2.jpg,
observation_10466731,1,RN,10466731_2.jpg,10466731_3.jpg,1
observation_10478204,1,RN,10478204_5.jpg,10478204_4.jpg,
observation_10478314,1,RN,10478314_3.jpg,10478314_2.jpg,
observation_10479152,0,NA,,,1
observation_104877241,1,RN,104877241_1.jpg,104877241_5.jpg,
observation_104965681,0,,,,
observation_10500126,1,RN,10500126_1.jpg,10500126_2.jpg,
observation_10500136,1,RN,10500136_1.jpg,10500136_5.jpg,
observation_10504151,1,RN,10504151_1.jpg,10504151_2.jpg,
observation_10515187,1,RN,10515187_2.jpg,10515187_1.jpg,
observation_10518644,0,NA,,,
observation_10549761,0,NA,,,
observation_10571979,0,NA,,,
observation_10573057,0,NA,,,
observation_10577115,1,RN,10577115_1.jpg,10577115_2.jpg,
observation_10596592,1,RN,10596592_1.jpg,10596592_2.jpg,
observation_10596593,1,RN,10596592_1.jpg,10596592_2.jpg,
observation_106660723,0,NA,,,
observation_106724486,0,NA,,,
observation_106807510,0,NA,,,
observation_106858999,1,RN,106858999_2.jpg,106858999_3.jpg,
observation_10689961,1,RN,10689961_3.jpg,10689961_2.jpg,
observation_106931061,1,RN,106931061_1.jpg,106931061_2.jpg,
observation_106951449,1,RN,106951449_2.jpg,106951449_3.jpg,
observation_107012581,0,NA,,,
observation_107018367,0,NA,,,
observation_107052400,0,NA,,,
observation_107122068,1,RN,107122068_1.jpg,107122068_3.jpg,
observation_107130821,1,RN,107130821_1.jpg,107130821_3.jpg,
observation_107234265,0,NA,,,
observation_107279236,0,NA,,,
observation_107338965,0,NA,,,
observation_107355336,1,RN,107355336_2.jpg,107355336_1.jpg,
observation_10737041,0,NA,,,
observation_107394652,0,NA,,,
observation_107425515,1,RN,107425515_1.jpg,107425515_2.jpg,
observation_107433056,0,NA,,,
observation_10745622,1,RN,10745622_1.jpg,10745622_3.jpg,
observation_107488374,0,NA,,,
observation_107496854,1,RN,107496854_2.jpg,107496854_1.jpg,
observation_107507552,0,NA,,,
observation_107517460,0,NA,,,
observation_107525082,0,NA,,,
observation_107531442,0,NA,,,1
observation_10759456,1,RN,10759456_2.jpg,10759456_3.jpg,1
observation_10759622,0,NA,,,
observation_107597205,0,NA,,,
observation_107600859,0,NA,,,
observation_107654398,0,NA,,,
observation_107655161,1,RN,107655161_2.jpg,107655161_1.jpg,
observation_107662499,0,NA,,,
observation_107665930,0,NA,,,
observation_107666384,0,NA,,,
observation_107675508,0,NA,,,1
observation_107676331,0,NA,,,
observation_107721154,0,NA,,,
observation_107741445,1,RN,107741445_1.jpg,107741445_2.jpg,
observation_107763752,1,RN,107763752_2.jpg,107763752_7.jpg,
observation_107787336,1,RN,107787336_1.jpg,107787336_3.jpg,
observation_107830980,0,NA,,,
observation_107858008,0,NA ,,,
observation_107858310,0,NA,,,
observation_107912176,1,RN,107912176_1.jpg,107912176_2.jpg,
observation_107926746,0,NA,,,
observation_107961401,0,NA,,,
observation_107979759,0,NA,,,
observation_107985221,1,RN,107985221_1.jpg,107985221_2.jpg,
observation_107987477,1,RN,107987477_1.jpg,107987477_2.jpg,
observation_107988455,1,RN,107988455_1.jpg,107988455_2.jpg,
observation_107989364,1,RN,107989364_1.jpg,107989364_2.jpg,1
observation_107992411,1,RN,107992411_1.jpg,107992411_4.jpg,
observation_107996496,1,RN,107996496_1.jpg,107996496_3.jpg,
observation_107996497,0,NA,,,
observation_107999628,0,NA,,,
observation_108000822,1,RN,108000822_1.jpg,108000822_3.jpg,
observation_108002552,1,RN,108002552_1.jpg,108002552_1.jpg,
observation_108006477,0,NA,,,
observation_108038548,1,RN,108038548_1.jpg,108038548_3.jpg,
observation_108045151,0,NA,,,
observation_108056001,0,NA,,,
observation_108059436,1,RN,108059436_1.jpg,108059436_2.jpg,
observation_108069739,0,NA,,,
observation_108075691,1,RN,108075691_1.jpg,108075691_2.jpg,
observation_108079949,0,NA,,,
observation_108092146,1,RN,108092146_1.jpg,108092146_2.jpg,
observation_108092870,1,RN,108092870_1.jpg,108092870_2.jpg,
observation_108112518,0,NA,,,
observation_108123062,0,NA,,,
observation_108143314,0,NA,,,
observation_108158305,0,NA,,,
observation_108160019,1,RN,108160019_1.jpg,108160019_3.jpg,
observation_108211742,1,RN ,108211742_1.jpg,108211742_2.jpg,
observation_108218242,0,NA,,,
observation_108219694,0,NA,,,
observation_108279711,1,RN,108279711_1.jpg,108279711_2.jpg,
observation_10830452,0,NA,,,
observation_108314595,0,NA,,,
observation_108315267,0,NA,,,
observation_108328134,0,NA,,,
observation_108335911,0,NA,,,1
observation_108373104,0,NA,,,
observation_108383111,0,NA,,,
observation_108390443,0,NA,,,
observation_108392413,0,NA,,,
observation_108402942,1,RN,108402942_1.jpg,108402942_2.jpg,
observation_108406141,0,NA,,,1
observation_108411678,0,NA,,,
observation_108484437,0,NA,,,
observation_108525917,0,NA,,,
observation_108526311,0,NA,,,
observation_108560771,0,NA,,,
observation_108564126,0,NA,,,1
observation_108567636,0,NA,,,
observation_108612102,0,NA,,,
observation_108617543,1,RN,108617543_5.jpg,108617543_2.jpg,
observation_108630221,1,RN,108630221_1.jpg,108630221_2.jpg,
observation_108630349,0,NA,,,
observation_10864289,0,NA,,,
observation_108653566,0,NA,,,
observation_108663408,0,NA,,,
observation_108707462,0,NA,,,1
observation_108724354,0,NA,,,
observation_108763920,0,NA,,,
observation_108776218,0,NA,,,
observation_108779479,0,NA,,,
observation_108785386,0,NA,,,
observation_108849367,1,RN,108849367_1.jpg,108849367_2.jpg,
observation_108851216,1,RN,108851216_2.jpg,108851216_3.jpg,
observation_108856583,1,RN,108856583_1.jpg,108856583_2.jpg,
observation_108865911,1,RN,108865911_1.jpg,108865911_2.jpg,
observation_108871537,1,RN,108871537_2.jpg,108871537_1.jpg,
observation_108905282,0,NA,,,1
observation_108912255,0,NA,,,
observation_108951653,0,NA,,,1
observation_108954581,0,NA,,,
observation_108965766,0,NA,,,
observation_108965870,0,NA,,,
observation_108968718,0,NA,,,
observation_108970635,0,NA,,,
observation_108977557,1,RN,108977557_1.jpg,108977557_2.jpg,1
observation_108983533,1,RN,108983533_3.jpg,108983533_5.jpg,
observation_108997672,1,RN,108997672_1.jpg,108997672_2.jpg,
observation_108998748,1,RN,108998748_1.jpg,108998748_2.jpg,1
observation_109004799,1,RN,109004799_2.jpg,109004799_1.jpg,
observation_109005189,0,NA,,,
observation_109018388,0,NA,,,
observation_109025268,0,NA,,,
observation_109064811,0,NA,,,
observation_109076832,1,RN,109076832_4.jpg,109076832_2.jpg,
observation_109077652,0,NA,,,
observation_109091791,0,NA,,,
observation_109092612,0,NA,,,
observation_109098109,0,NA,,,
observation_109107334,0,NA,,,
observation_10910975,0,NA,,,
observation_109114737,1,RN,109114737_1.jpg,109114737_2.jpg,
observation_109115762,0,NA,,,
observation_109116797,1,RN,109116797_2.jpg,109116797_2.jpg,
observation_109118901,0,NA,,,
observation_109119539,0,NA,,,
observation_109154336,1,RN,109154336_2.jpg,109154336_1.jpg,
observation_109162861,1,RN,109162861_1.jpg,109162861_2.jpg,
observation_109174674,0,NA,,,
observation_109176729,0,NA,,,
observation_109183105,0,NA,,,
observation_109189364,0,NA,,,
observation_109190558,1,RN,109190558_1.jpg,109190558_3.jpg,
observation_10921626,0,NA,,,
observation_109259347,1,RN,109259347_1.jpg,109259347_2.jpg,
observation_109263147,0,NA,,,
observation_109284909,0,NA,,,
observation_109302793,0,NA,,,
observation_109335293,0,NA,,,
observation_109339573,0,NA,,,
observation_109340106,1,RN,109340106_1.jpg,109340106_2.jpg,
observation_109340107,0,NA,,,
observation_109340644,0,NA,,,
observation_109341107,1,RN,109341107_1.jpg,109341107_3.jpg,
observation_109349457,0,NA,,,
observation_109428511,0,NA,,,
observation_109432904,0,NA,,,
observation_109450518,0,NA,,,
observation_109459689,0,NA,,,
observation_109467219,0,NA,,,
observation_109478981,0,NA,,,
observation_109484528,0,NA,,,
observation_109586936,1,RN,109586936_1.jpg,109586936_3.jpg,
observation_109658637,1,RN,109658637_3.jpg,109658637_2.jpg,
observation_109665280,1,RN,109665280_4.jpg,109665280_6.jpg,
observation_109681682,0,NA,,,
observation_109683375,1,RN,109683375_1.jpg,109683375_3.jpg,
observation_109708749,0,NA,,,
observation_109728956,0,NA,,,1
observation_109759340,1,RN,109759340_1.jpg,109759340_2.jpg,
observation_109764387,1,RN,109764387_1.jpg,109764387_2.jpg,
observation_109788937,0,NA,,,
observation_109794454,0,NA,,,
observation_109809189,1,RN,109809189_1.jpg,109809189_2.jpg,
observation_109813842,0,NA,,,
observation_109832899,0,NA,,,1
observation_109841511,0,NA,,,
observation_109869797,0,NA,,,
observation_109870144,1,RN,109870144_1.jpg,109870144_2.jpg,
observation_109880139,1,RN,109880139_2.jpg,109880139_1.jpg,
observation_109892362,0,NA,,,
observation_10991144,1,RN,10991144_1.jpg,10991144_2.jpg,
observation_109919247,0,NA,,,
observation_109965278,1,RN ,109965278_1.jpg,109965278_2.jpg,
observation_110024524,0,NA,,,
observation_110134373,1,RN,110134373_1.jpg,110134373_2.jpg,
observation_110145682,0,NA,,,
observation_110146260,1,RN,110146260_1.jpg,110146260_2.jpg,
observation_110146490,1,RN,110146490_1.jpg,110146490_2.jpg,
observation_110203015,1,RN,110203015_2.jpg,110203015_1.jpg,
observation_110205077,0,NA,,,
observation_110231989,1,RN,110231989_1.jpg,110231989_2.jpg,
observation_110236808,0,NA,,,
observation_110239554,0,NA,,,
observation_110243668,1,RN,110243668_1.jpg,110243668_2.jpg,
observation_110302266,1,RN,110302266_2.jpg,110302266_1.jpg,
observation_110367887,0,NA,,,
observation_110373196,1,RN,110373196_1.jpg,110373196_2.jpg,
observation_110458749,0,NA,,,
observation_110469717,1,RN,110469717_1.jpg,110469717_2.jpg,
observation_110504083,0,NA,,,
observation_110626861,1,RN,110626861_1.jpg,110626861_2.jpg,
observation_110780191,1,RN,10780191_1.jpg,10780191_2.jpg,
observation_110885270,0,NA,,,
observation_110907282,0,NA,,,
observation_110911132,0,NA,,,
observation_111029140,0,NA,,,
observation_111053022,1,RN,111053022_2.jpg,111053022_1.jpg,
observation_111062115,0,NA,,,
observation_111108963,0,NA,,,
observation_111123751,1,RN,111123751_2.jpg,111123751_1.jpg,
observation_111385988,1,RN,111385988_1.jpg,111385988_2.jpg,
observation_11141298,0,NA,,,
observation_111545891,1,RN,111545891_2.jpg,111545891_2.jpg,1
observation_111615923,1,RN,111615923_2.jpg,111615923_1.jpg,
observation_111674390,0,NA,,,
observation_111731807,1,RN,111731807_1.jpg,111731807_2.jpg,
observation_111812260,0,NA,,,
observation_111828449,0,NA,,,
observation_11194962,1,RN,11194962_1.jpg,11194962_3.jpg,
observation_111982845,1,RN,111982845_1.jpg,111982845_2.jpg,
observation_111983445,1,RN,111983445_2.jpg,111983445_3.jpg,
observation_111986150,0,NA,,,
observation_112015092,0,NA,,,
observation_112015655,0,NA,,,
observation_112046151,1,RN,112046151_1.jpg,112046151_2.jpg,
observation_112123593,1,RN,112123593_1.jpg,112123593_2.jpg,
observation_112350632,0,NA,,,
observation_11238071,0,NA,,,
observation_112477555,0,NA,,,
observation_112477607,0,NA,,,
observation_112481708,1,RN,112481708_1.jpg,112481708_2.jpg,
observation_112699582,0,NA,,,
observation_112842158,1,RN,112842158_1.jpg,112842158_2.jpg,
observation_112863429,1,RN,112863429_1.jpg,112863429_2.jpg,
observation_112863815,1,RN,112863815_1.jpg,112863815_2.jpg,
observation_113101027,0,NA,,,
observation_113147490,1,RN,113147490_3.jpg,113147490_1.jpg,
observation_113235825,0,NA,,,
observation_113235830,0,NA,,,
observation_113303472,0,NA,,,
observation_115218303,1,RN,115218303_1.jpg,115218303_2.jpg,
observation_115279025,1,RN,115279025_3.jpg,115279025_1.jpg,
observation_116230105,1,RN,116230105_2.jpg,116230105_1.jpg,
observation_116279497,0,NA,,,
observation_117652134,1,RN,117652134_1.jpg,117652134_2.jpg,
observation_11786504,0,NA,,,
observation_117957703,1,RN,117957703_1.jpg,117957703_2.jpg,1
observation_12080984,0,NA,,,
observation_12081002,0,NA,,,
observation_12112872,1,RN,12112872_1.jpg,12112872_2.jpg,
observation_12286238,1,RN,12286238_1.jpg,12286238_2.jpg,
observation_126080786,0,NA,,,
observation_1274692,0,NA,,,
observation_12781169,1,RN,12781169_1.jpg,12781169_2.jpg,1
observation_1284987,1,RN,1284987_1.jpg,1284987_1.jpg,1
observation_1294793,0,NA,,,
observation_12948738,0,NA,,,
observation_13032066,0,NA,,,
observation_1307670,0,NA,,,
observation_1309412,0,NA,,,
observation_13224,0,NA,,,
observation_133250051,1,RN,133250051_1.jpg,133250051_2.jpg,
observation_134267359,1,RN,134267359_1.jpg,134267359_2.jpg,
observation_1361744,1,RN,1361744_1.jpg,1361744_2.jpg,
observation_139396196,0,NA,,,
observation_141670679,1,RN,141670679_1.jpg,141670679_1.jpg,
observation_14232806,1,RN,14232806_1.jpg,14232806_1.jpg,
observation_142760139,1,RN,142760139_2.jpg,142760139_1.jpg,
observation_142928270,0,NA,,,
observation_143061007,1,RN,143061007_2.jpg,143061007_1.jpg,
observation_143770820,1,RN,143770820_1.jpg,143770820_2.jpg,
observation_143800046,1,RN,143800046_2.jpg,143800046_1.jpg,
observation_144592479,1,RN,144592479_2.jpg,144592479_1.jpg,
observation_145328983,1,RN,145328983_1.jpg,145328983_3.jpg,
observation_145390465,1,RN,145390465_2.jpg,145390465_1.jpg,
observation_146863767,1,RN,146863767_1.jpg,146863767_4.jpg,
observation_146863794,1,RN,146863794_1.jpg,146863794_3.jpg,
observation_14693269,0,NA,,,
observation_147058361,0,NA,,,
observation_14711564,0,NA,,,
observation_147477857,1,RN,147477857_2.jpg,147477857_1.jpg,
observation_147496357,1,RN,147496357_2.jpg,147496357_1.jpg,
observation_147562335,1,RN,147562335_3.jpg,147562335_1.jpg,
observation_147744124,1,RN,147744124_1.jpg,147744124_2.jpg,
observation_147797729,0,NA,,,
observation_147812415,0,NA,,,
observation_148071333,1,RN,148071333_2.jpg,148071333_1.jpg,1
observation_148076342,1,RN,148076342_1.jpg,148076342_3.jpg,
observation_148170925,0,NA,,,
observation_148328021,1,RN,148328021_2.jpg,148328021_1.jpg,
observation_148414270,1,RN,148414270_1.jpg,148414270_3.jpg,
observation_148415565,1,RN,148415565_1.jpg,148415565_2.jpg,
observation_148418736,1,RN,148418736_1.jpg,148418736_2.jpg,
observation_148422829,0,NA,,,
observation_148426402,1,RN,148426402_3.jpg,148426402_1.jpg,
observation_148430635,0,NA,,,
observation_148431695,1,RN,148431695_1.jpg,148431695_2.jpg,
observation_148451544,1,RN,148451544_1.jpg,148451544_2.jpg,
observation_148452581,1,RN,148452581_1.jpg,148452581_2.jpg,
observation_148452582,1,RN,148452582_1.jpg,148452582_2.jpg,
observation_148463420,1,RN,148463420_2.jpg,148463420_1.jpg,
observation_148489197,1,RN,148489197_1.jpg,148489197_2.jpg,
observation_148527572,0,NA,,,
observation_148534006,1,RN,148534006_2.jpg,148534006_1.jpg,
observation_148534812,1,RN,148534812_1.jpg,148534812_2.jpg,
observation_148585849,0,NA,,,
observation_148652207,0,NA,,,
observation_148670335,1,RN,148670335_3.jpg,148670335_1.jpg,
observation_148792864,0,NA,,,
observation_148803131,1,RN,148803131_1.jpg,148803131_2.jpg,1
observation_148833748,1,RN,148833748_1.jpg,148833748_2.jpg,
observation_148854311,0,NA,,,
observation_148855955,0,NA,,,
observation_148858261,0,NA,,,
observation_148862393,0,NA,,,
observation_148904577,0,NA,,,
observation_148926394,1,RN,148926394_1.jpg,148926394_3.jpg,
observation_148926999,1,RN,148926999_1.jpg,148926999_3.jpg,
observation_148930549,0,NA,,,
observation_149014782,1,RN,149014782_1.jpg,149014782_2.jpg,
observation_149068531,0,NA,,,
observation_149085313,1,RN,149085313_1.jpg,149085313_3.jpg,
observation_149085820,1,RN,149085820_1.jpg,149085820_2.jpg,
observation_149103090,1,RN,149103090_2.jpg,149103090_1.jpg,1
observation_149103494,0,NA,,,
observation_149112994,0,NA,,,
observation_149119523,0,NA,,,
observation_149142679,0,NA,,,
observation_149190437,1,RN,149190437_1.jpg,149190437_2.jpg,
observation_149206541,0,NA,,,
observation_149260600,0,NA,,,
observation_149292248,1,RN,149292248_3.jpg,149292248_1.jpg,
observation_149302346,0,NA,,,
observation_149304564,0,NA,,,
observation_149344650,0,NA,,,
observation_149360541,0,NA,,,
observation_149374208,1,RN,149374208_2.jpg,149374208_1.jpg,
observation_149379261,0,NA,,,
observation_149385976,0,NA,,,
observation_149386066,1,RN,149386066_2.jpg,149386066_1.jpg,
observation_149449006,0,NA,,,
observation_149454721,1,RN,149454721_1.jpg,149454721_2.jpg,1
observation_149518406,0,NA,,,
observation_149518413,0,NA,,,
observation_149529230,0,NA,,,
observation_149535296,0,NA,,,
observation_149537128,0,NA,,,
observation_149562462,0,NA,,,
observation_149599473,1,RN,149599473_1.jpg,149599473_2.jpg,
observation_149657307,1,RN,149657307_1.jpg,149657307_1.jpg,1
observation_149659610,1,RN,149659610_2.jpg,149659610_1.jpg,
observation_149661348,1,RN,149661348_1.jpg,149661348_3.jpg,1
observation_149666244,0,NA,,,
observation_149675549,1,RN,149675549_1.jpg,149675549_2.jpg,
observation_149701089,0,NA,,,
observation_149787539,0,NA,,,
observation_149862266,0,NA,,,
observation_149864998,0,NA,,,
observation_149866417,0,NA,,,
observation_149867349,1,RN,149867349_1.jpg,149867349_2.jpg,
observation_149867513,1,RN,149867513_2.jpg,149867513_1.jpg,
observation_149874463,0,NA,,,
observation_149884321,0,NA,,,
observation_149909042,0,NA,,,
observation_149910276,1,RN,149910276_3.jpg,149910276_2.jpg,
observation_149914549,0,NA,,,
observation_149937835,1,RN,149937835_1.jpg,149937835_2.jpg,
observation_149951584,0,NA,,,
observation_149953777,1,RN,149953777_1.jpg,149953777_2.jpg,1
observation_150038795,0,NA,,,
observation_150087705,1,RN,150087705_2.jpg,150087705_3.jpg,
observation_150098074,0,NA,,,
observation_150111413,0,NA,,,
observation_150114897,1,RN,150114897_1.jpg,150114897_2.jpg,
observation_150158562,0,NA,,,
observation_150166304,0,NA,,,
observation_150166382,0,NA,,,
observation_150169900,0,NA,,,
observation_150250957,0,NA,,,
observation_150251204,1,RN,150251204_1.jpg,150251204_2.jpg,1
observation_150274633,0,NA,,,
observation_150275542,0,NA,,,
observation_150276524,1,RN,150276524_2.jpg,150276524_3.jpg,
observation_150284558,0,NA,,,
observation_150338287,0,NA,,,
observation_150361995,1,RN,150361995_1.jpg,150361995_3.jpg,
observation_150374983,1,RN,150374983_3.jpg,150374983_1.jpg,1
observation_150376036,0,NA,,,
observation_150383793,0,NA,,,
observation_150386940,1,RN,150383793_2.jpg,150383793_1.jpg,
observation_150409587,0,NA,,,
observation_150449983,0,NA,,,
observation_150454424,0,NA,,,
observation_150458489,1,RN,150458489_1.jpg,150458489_2.jpg,
observation_150458490,1,RN,150458490_1.jpg,150458490_2.jpg,
observation_150458979,0,NA,,,
observation_150460814,1,RN,150460814_1.jpg,150460814_3.jpg,
observation_150460846,0,NA,,,
observation_150463254,0,NA,,,
observation_150506638,1,RN,150506638_1.jpg,150506638_2.jpg,
observation_150514416,1,RN,150514416_1.jpg,150514416_2.jpg,
observation_150607503,1,RN,150607503_1.jpg,150607503_10.jpg,
observation_150607946,1,RN,150607946_2.jpg,150607946_6.jpg,
observation_150613723,1,RN,150613723_1.jpg,150613723_2.jpg,
observation_150617542,1,RN,150617542_1.jpg,150617542_2.jpg,
observation_150623851,1,RN,150623851_1.jpg,150623851_3.jpg,
observation_150629159,0,NA,,,
observation_150633274,0,NA,,,
observation_150703753,1,RN,150703753_1.jpg,150703753_2.jpg,1
observation_150705049,0,NA,,,
observation_150710490,0,NA,,,
observation_150715215,0,NA,,,
observation_150715416,1,RN,150715416_1.jpg,150715416_2.jpg,
observation_150742907,1,RN,150742907_1.jpg,150742907_2.jpg,
observation_150751477,0,NA,,,
observation_150762534,1,RN,150762534_1.jpg,150762534_4.jpg,
observation_150769772,0,NA,,,
observation_150770134,0,NA,,,
observation_150772343,0,NA,,,
observation_150777236,0,NA,,,
observation_150778136,1,RN,150778136_1.jpg,150778136_2.jpg,
observation_150780802,1,RN,150780802_1.jpg,150780802_2.jpg,
observation_150781036,1,RN,150781036_2.jpg,150781036_3.jpg,
observation_150820772,1,RN,150820772_1.jpg,150820772_2.jpg,
observation_150828234,,,,,
observation_150829780,,,,,
observation_150838943,,,,,
observation_150842610,,,,,
observation_150851387,,,,,
observation_150853878,,,,,
observation_150856245,,,,,
observation_150858855,,,,,
observation_150875131,,,,,
observation_150875813,,,,,
observation_150884052,,,,,
observation_150893686,,,,,
observation_150894494,,,,,
observation_150940303,,,,,
observation_150946972,,,,,
observation_150966340,,,,,
observation_150967748,,,,,
observation_150982185,,,,,
observation_150991335,,,,,
observation_150997015,,,,,
observation_151010516,,,,,
observation_151033469,,,,,
observation_151035568,,,,,
observation_151035765,,,,,
observation_151040085,,,,,
observation_151044211,,,,,
observation_151060693,,,,,
observation_151067923,,,,,
observation_151073246,,,,,
observation_151081358,,,,,
observation_151090206,,,,,
observation_151090870,,,,,
observation_151095805,,,,,
observation_151108934,,,,,
observation_151122100,,,,,
observation_151134892,,,,,
observation_151151098,,,,,
observation_151151123,,,,,
observation_151156080,,,,,
observation_151165725,,,,,
observation_151165977,,,,,
observation_151166835,,,,,
observation_151166837,,,,,
observation_151168306,,,,,
observation_151170859,,,,,
observation_151172210,,,,,
observation_151172825,,,,,
observation_151174794,,,,,
observation_151175735,,,,,
observation_151176708,,,,,
observation_151188610,,,,,
observation_151235965,,,,,
observation_151243035,,,,,
observation_151247390,,,,,
observation_151250496,,,,,
observation_151252029,,,,,
observation_151253614,,,,,
observation_151255297,,,,,
observation_151257277,,,,,
observation_151258395,,,,,
observation_151270294,,,,,
observation_151272584,,,,,
observation_151297659,,,,,
observation_151311636,,,,,
observation_151324513,,,,,
observation_151328134,,,,,
observation_151328460,,,,,
observation_151334380,,,,,
observation_151339374,,,,,
observation_151350743,,,,,
observation_151351741,,,,,
observation_151352388,,,,,
observation_151352902,,,,,
observation_151354137,,,,,
observation_151359025,,,,,
observation_151359273,,,,,
observation_151360638,,,,,
observation_151363105,,,,,
observation_151410212,,,,,
observation_151410395,,,,,
observation_151414620,,,,,
observation_151437271,,,,,
observation_151445969,,,,,
observation_151445989,,,,,
observation_151446924,,,,,
observation_151447695,,,,,
observation_151448200,,,,,
observation_151449016,,,,,
observation_151454688,,,,,
observation_151458136,,,,,
observation_151461116,,,,,
observation_151496085,,,,,
observation_151497523,,,,,
observation_151512305,,,,,
observation_151513603,,,,,
observation_151516176,,,,,
observation_151527901,,,,,
observation_151532290,,,,,
observation_151539529,,,,,
observation_151543359,,,,,
observation_151556390,,,,,
observation_151557943,,,,,
observation_151558356,,,,,
observation_151576556,,,,,
observation_151577641,,,,,
observation_151605524,,,,,
observation_151605818,,,,,
observation_151613775,,,,,
observation_151644400,,,,,
observation_151647163,,,,,
observation_151652200,,,,,
observation_151666999,,,,,
observation_151672263,,,,,
observation_151673016,,,,,
observation_151673899,,,,,
observation_151679800,,,,,
observation_151680679,,,,,
observation_151697697,,,,,
observation_151697973,,,,,
observation_151698086,,,,,
observation_151702706,,,,,
observation_151704010,,,,,
observation_151705544,,,,,
observation_151724765,,,,,
observation_151735411,,,,,
observation_151757832,,,,,
observation_151765741,,,,,
observation_151775977,,,,,
observation_151781207,,,,,
observation_151782400,,,,,
observation_151782897,,,,,
observation_151783939,,,,,
observation_151784764,,,,,
observation_151789624,,,,,
observation_151789986,,,,,
observation_151791429,,,,,
observation_151792096,,,,,
observation_151792195,,,,,
observation_151793962,,,,,
observation_151796601,,,,,
observation_151798680,,,,,
observation_151800157,,,,,
observation_151834953,,,,,
observation_151847412,,,,,
observation_151877940,,,,,
observation_151881959,,,,,
observation_151891050,,,,,
observation_151891579,,,,,
observation_151926079,,,,,
observation_151941184,,,,,
observation_151947554,,,,,
observation_151953374,,,,,
observation_151957961,,,,,
observation_151969804,,,,,
observation_151973834,,,,,
observation_151977009,,,,,
observation_151982478,,,,,
observation_151995287,,,,,
observation_152003438,,,,,
observation_152028376,,,,,
observation_152059165,,,,,
observation_152059312,,,,,
observation_152063159,,,,,
observation_152064660,,,,,
observation_152067902,,,,,
observation_152090967,,,,,
observation_152093249,,,,,
observation_152094083,,,,,
observation_152102820,,,,,
observation_152126552,,,,,
observation_152144956,,,,,
observation_152146169,,,,,
observation_152147520,,,,,
observation_152172657,,,,,
observation_152180377,,,,,
observation_152184500,,,,,
observation_152184783,,,,,
observation_152194874,,,,,
observation_152195398,,,,,
observation_152209477,,,,,
observation_152211499,,,,,
observation_152214121,,,,,
observation_152214469,,,,,
observation_152216311,,,,,
observation_152218596,,,,,
observation_152259697,,,,,
observation_152270628,,,,,
observation_152284577,,,,,
observation_152292375,,,,,
observation_152300148,,,,,
observation_152300754,,,,,
observation_152312829,,,,,
observation_152315715,,,,,
observation_152318963,,,,,
observation_152322384,,,,,
observation_152331257,,,,,
observation_152389843,,,,,
observation_152394412,,,,,
observation_152420309,,,,,
observation_152420619,,,,,
observation_152422921,,,,,
observation_152423948,,,,,
observation_152434732,,,,,
observation_152438811,,,,,
observation_152451455,,,,,
observation_152454529,,,,,
observation_152464698,,,,,
observation_152465494,,,,,
observation_152469214,,,,,
observation_152470456,,,,,
observation_152477062,,,,,
observation_152477319,,,,,
observation_152496792,,,,,
observation_152497689,,,,,
observation_152507800,,,,,
observation_152511807,,,,,
observation_152515456,,,,,
observation_152521031,,,,,
observation_152521282,,,,,
observation_152528711,,,,,
observation_152559420,,,,,
observation_152562083,,,,,
observation_152562569,,,,,
observation_152568208,,,,,
observation_152572736,,,,,
observation_152575429,,,,,
observation_152583002,,,,,
observation_152584134,,,,,
observation_152648895,,,,,
observation_152664324,,,,,
observation_152669373,,,,,
observation_152682678,,,,,
observation_152682842,,,,,
observation_152685527,,,,,
observation_152695358,,,,,
observation_152696104,,,,,
observation_152698941,,,,,
observation_152699839,,,,,
observation_152741636,,,,,
observation_152760608,,,,,
observation_152766078,,,,,
observation_152780791,,,,,
observation_152789203,,,,,
observation_152799257,,,,,
observation_152801502,,,,,
observation_152802789,,,,,
observation_152863431,,,,,
observation_152871399,,,,,
observation_152878363,,,,,
observation_152881781,,,,,
observation_152882045,,,,,
observation_152882225,,,,,
observation_152885199,,,,,
observation_152891233,,,,,
observation_152896002,,,,,
observation_152954240,,,,,
observation_152957264,,,,,
observation_152961507,,,,,
observation_152966658,,,,,
observation_152972290,,,,,
observation_152973614,,,,,
observation_152978985,,,,,
observation_152984787,,,,,
observation_152987676,,,,,
observation_152988070,,,,,
observation_152989679,,,,,
observation_152989864,,,,,
observation_153005416,,,,,
observation_153011625,,,,,
observation_153064352,,,,,
observation_153078543,,,,,
observation_153081053,,,,,
observation_153093834,,,,,
observation_153099620,,,,,
observation_153124042,,,,,
observation_153124054,,,,,
observation_153124507,,,,,
observation_153124830,,,,,
observation_153131572,,,,,
observation_153132731,,,,,
observation_153138866,,,,,
observation_153141986,,,,,
observation_153143554,,,,,
observation_153178101,,,,,
observation_153179186,,,,,
observation_153191133,,,,,
observation_153198605,,,,,
observation_153212252,,,,,
observation_153218158,,,,,
observation_153221078,,,,,
observation_153224023,,,,,
observation_153226654,,,,,
observation_153235922,,,,,
observation_153242394,,,,,
observation_153245302,,,,,
observation_153251246,,,,,
observation_153255494,,,,,
observation_153259501,,,,,
observation_153265055,,,,,
observation_153271541,,,,,
observation_153279767,,,,,
observation_153281648,,,,,
observation_153291271,,,,,
observation_153311550,,,,,
observation_153322565,,,,,
observation_153333495,,,,,
observation_153347072,,,,,
observation_153372742,,,,,
observation_153375965,,,,,
observation_153386765,,,,,
observation_153393660,,,,,
observation_153409730,,,,,
observation_153411215,,,,,
observation_153415765,,,,,
observation_153441578,,,,,
observation_153453158,,,,,
observation_153466375,,,,,
observation_153512296,,,,,
observation_153513729,,,,,
observation_153514161,,,,,
observation_153515032,,,,,
observation_153521442,,,,,
observation_153534061,,,,,
observation_153536981,,,,,
observation_153540362,,,,,
observation_153543831,,,,,
observation_153545990,,,,,
observation_153548668,,,,,
observation_153588606,,,,,
observation_153593964,,,,,
observation_153597065,,,,,
observation_153618332,,,,,
observation_153645944,,,,,
observation_153648251,,,,,
observation_153650786,,,,,
observation_153657412,,,,,
observation_153657436,,,,,
observation_153658691,,,,,
observation_153709753,,,,,
observation_153728198,,,,,
observation_153734794,,,,,
observation_153753276,,,,,
observation_153761259,,,,,
observation_153761760,,,,,
observation_153779076,,,,,
observation_153821931,,,,,
observation_153833018,,,,,
observation_153844771,,,,,
observation_153881036,,,,,
observation_153881287,,,,,
observation_153888438,,,,,
observation_153890014,,,,,
observation_153894236,,,,,
observation_153896053,,,,,
observation_153897458,,,,,
observation_153909662,,,,,
observation_153942080,,,,,
observation_153946441,,,,,
observation_153949948,,,,,
observation_153963742,,,,,
observation_153964632,,,,,
observation_153967311,,,,,
observation_153969958,,,,,
observation_153974027,,,,,
observation_153985011,,,,,
observation_153986999,,,,,
observation_153994343,,,,,
observation_153997825,,,,,
observation_153997846,,,,,
observation_154014094,,,,,
observation_154014180,,,,,
observation_154015102,,,,,
observation_154028495,,,,,
observation_154034600,,,,,
observation_154037240,,,,,
observation_154046652,,,,,
observation_154064425,,,,,
observation_154064485,,,,,
observation_154064532,,,,,
observation_154085046,,,,,
observation_154100355,,,,,
observation_154101855,,,,,
observation_154111282,,,,,
observation_154124028,,,,,
observation_154143625,,,,,
observation_154155851,,,,,
observation_154172936,,,,,
observation_154175316,,,,,
observation_154179359,,,,,
observation_154187350,,,,,
observation_154190515,,,,,
observation_154192071,,,,,
observation_154224054,,,,,
observation_154226242,,,,,
observation_154282614,,,,,
observation_154302489,,,,,
observation_154319982,,,,,
observation_154327828,,,,,
observation_154343531,,,,,
observation_154346663,,,,,
observation_154353062,,,,,
observation_154353323,,,,,
observation_154382788,,,,,
observation_154414835,,,,,
observation_154420830,,,,,
observation_154429124,,,,,
observation_154440146,,,,,
observation_154457922,,,,,
observation_154495816,,,,,
observation_154510591,,,,,
observation_154510757,,,,,
observation_154531875,,,,,
observation_154534808,,,,,
observation_154560909,,,,,
observation_154613689,,,,,
observation_154616002,,,,,
observation_154629470,,,,,
observation_154631156,,,,,
observation_154641296,,,,,
observation_154652516,,,,,
observation_154670604,,,,,
observation_154707467,,,,,
observation_154715955,,,,,
observation_154725877,,,,,
observation_154731803,,,,,
observation_154750222,,,,,
observation_154769923,,,,,
observation_154769949,,,,,
observation_154771005,,,,,
observation_154771019,,,,,
observation_154775178,,,,,
observation_154781709,,,,,
observation_154784370,,,,,
observation_154811406,,,,,
observation_154823542,,,,,
observation_154833306,,,,,
observation_154834726,,,,,
observation_154839036,,,,,
observation_154876338,,,,,
observation_154876348,,,,,
observation_154880169,,,,,
observation_154887302,,,,,
observation_154890609,,,,,
observation_154897772,,,,,
observation_154898039,,,,,
observation_154901339,,,,,
observation_154903037,,,,,
observation_154906200,,,,,
observation_154907852,,,,,
observation_154911108,,,,,
observation_154923796,,,,,
observation_154959620,,,,,
observation_154981217,,,,,
observation_154995409,,,,,
observation_155007903,,,,,
observation_155014495,,,,,
observation_155041415,,,,,
observation_155044325,,,,,
observation_155055823,,,,,
observation_155058785,,,,,
observation_155089438,,,,,
observation_155110114,,,,,
observation_155156156,,,,,
observation_155163075,,,,,
observation_155165651,,,,,
observation_155179520,,,,,
observation_155180537,,,,,
observation_155189878,,,,,
observation_155189982,,,,,
observation_155190505,,,,,
observation_155208636,,,,,
observation_155209568,,,,,
observation_155215767,,,,,
observation_155219435,,,,,
observation_155231395,,,,,
observation_155245044,,,,,
observation_155250386,,,,,
observation_155261939,,,,,
observation_155272599,,,,,
observation_155274460,,,,,
observation_155286155,,,,,
observation_155294136,,,,,
observation_155338874,,,,,
observation_155340094,,,,,
observation_155340929,,,,,
observation_155342736,,,,,
observation_155346091,,,,,
observation_155369290,,,,,
observation_155387264,,,,,
observation_155412087,,,,,
observation_155413835,,,,,
observation_155419482,,,,,
observation_155429153,,,,,
observation_155433136,,,,,
observation_155434983,,,,,
observation_155462890,,,,,
observation_155480148,,,,,
observation_155500015,,,,,
observation_155502610,,,,,
observation_155508480,,,,,
observation_155555485,,,,,
observation_155557551,,,,,
observation_155567737,,,,,
observation_155577594,,,,,
observation_155587570,,,,,
observation_155655947,,,,,
observation_155687151,,,,,
observation_155705917,,,,,
observation_155800747,,,,,
observation_155803157,,,,,
observation_155843237,,,,,
observation_155849843,,,,,
observation_155986171,,,,,
observation_156034284,,,,,
observation_156061094,,,,,
observation_156067601,,,,,
observation_156081282,,,,,
observation_156121811,,,,,
observation_156123449,,,,,
observation_156124409,,,,,
observation_156136473,,,,,
observation_156157653,,,,,
observation_156168876,,,,,
observation_156169672,,,,,
observation_156175920,,,,,
observation_156176187,,,,,
observation_156195253,,,,,
observation_156234866,,,,,
observation_156267179,,,,,
observation_156290416,,,,,
observation_156298865,,,,,
observation_156340522,,,,,
observation_156356433,,,,,
observation_156421300,,,,,
observation_156438315,,,,,
observation_156457105,,,,,
observation_156518047,,,,,
observation_156534610,,,,,
observation_156596384,,,,,
observation_156618598,,,,,
observation_156620085,,,,,
observation_156625359,,,,,
observation_156632753,,,,,
observation_156641632,,,,,
observation_156645423,,,,,
observation_156655811,,,,,
observation_156656377,,,,,
observation_156660041,,,,,
observation_156660042,,,,,
observation_156698844,,,,,
observation_156759929,,,,,
observation_156764755,,,,,
observation_156774818,,,,,
observation_156778153,,,,,
observation_156808204,,,,,
observation_156816355,,,,,
observation_156821454,,,,,
observation_156899778,,,,,
observation_156911123,,,,,
observation_156912473,,,,,
observation_157237871,,,,,
observation_157241275,,,,,
observation_157255618,,,,,
observation_157258719,,,,,
observation_157370255,,,,,
observation_157376107,,,,,
observation_157459940,,,,,
observation_157695218,,,,,
observation_15786607,,,,,
observation_157941289,,,,,
observation_157944871,,,,,
observation_158015785,,,,,
observation_158118640,,,,,
observation_158153058,,,,,
observation_158224634,,,,,
observation_158226284,,,,,
observation_158322013,,,,,
observation_158379131,,,,,
observation_158379681,,,,,
observation_158392631,,,,,
observation_158452990,,,,,
observation_158486667,,,,,
observation_158694582,,,,,
observation_158760649,,,,,
observation_158961628,,,,,
observation_159046835,,,,,
observation_159046854,,,,,
observation_159051843,,,,,
observation_159212648,,,,,
observation_159238586,,,,,
observation_159296316,,,,,
observation_159317005,,,,,
observation_159321174,,,,,
observation_159345872,,,,,
observation_159346447,,,,,
observation_159356561,,,,,
observation_159454846,,,,,
observation_159493130,,,,,
observation_159506062,,,,,
observation_159538457,,,,,
observation_159710851,,,,,
observation_159788187,,,,,
observation_160010826,,,,,
observation_160082623,,,,,
observation_160233273,,,,,
observation_160446753,,,,,
observation_160509746,,,,,
observation_160512393,,,,,
observation_160608974,,,,,
observation_160616310,,,,,
observation_160622869,,,,,
observation_160664110,,,,,
observation_160680615,,,,,
observation_160689652,,,,,
observation_160689777,,,,,
observation_160691370,,,,,
observation_160795515,,,,,
observation_160796464,,,,,
observation_160796832,,,,,
observation_161133285,,,,,
observation_161152258,,,,,
observation_161168912,,,,,
observation_161319747,,,,,
observation_161436212,,,,,
observation_161452124,,,,,
observation_161459552,,,,,
observation_161516441,,,,,
observation_161645554,,,,,
observation_161658798,,,,,
observation_161809317,,,,,
observation_161931022,,,,,
observation_162088910,,,,,
observation_162138993,,,,,
observation_162372421,,,,,
observation_162603314,,,,,
observation_162711119,,,,,
observation_163053228,,,,,
observation_163063469,,,,,
observation_163217089,,,,,
observation_163562830,,,,,
observation_163606931,,,,,
observation_163734983,,,,,
observation_163881182,,,,,
observation_163922797,,,,,
observation_165089377,,,,,
observation_165932370,,,,,
observation_165987218,,,,,
observation_165997314,,,,,
observation_166000564,,,,,
observation_166538105,,,,,
observation_166538200,,,,,
observation_166675937,,,,,
observation_167107212,,,,,
observation_167272420,,,,,
observation_167333701,,,,,
observation_167457559,,,,,
observation_167593242,,,,,
observation_169680874,,,,,
observation_171694599,,,,,
observation_171986815,,,,,
observation_172431318,,,,,
observation_172680740,,,,,
observation_172738003,,,,,
observation_173846676,,,,,
observation_174778159,,,,,
observation_176226813,,,,,
observation_176293608,,,,,
observation_179491653,,,,,
observation_180716343,,,,,
observation_18151283,,,,,
observation_182418998,,,,,
observation_182529699,,,,,
observation_182997524,,,,,
observation_183240862,,,,,
observation_18475646,,,,,
observation_18476229,,,,,
observation_18779734,,,,,
observation_18779735,,,,,
observation_18779736,,,,,
observation_18852916,,,,,
observation_188801972,,,,,
observation_189386136,,,,,
observation_18992277,,,,,
observation_19008830,,,,,
observation_19009589,,,,,
observation_19052532,,,,,
observation_19077503,,,,,
observation_19077504,,,,,
observation_19077505,,,,,
observation_19077506,,,,,
observation_19077507,,,,,
observation_19077508,,,,,
observation_19103142,,,,,
observation_191191948,,,,,
observation_19161261,,,,,
observation_19161262,,,,,
observation_19161735,,,,,
observation_19176284,,,,,
observation_19176285,,,,,
observation_19176286,,,,,
observation_19176287,,,,,
observation_191774848,,,,,
observation_191783810,,,,,
observation_191877781,,,,,
observation_191877783,,,,,
observation_192089603,,,,,
observation_192215826,,,,,
observation_19223611,,,,,
observation_192348459,,,,,
observation_19239049,,,,,
observation_19239050,,,,,
observation_192472001,,,,,
observation_19252219,,,,,
observation_19252221,,,,,
observation_19252222,,,,,
observation_192663829,,,,,
observation_192740056,,,,,
observation_19278664,,,,,
observation_192789165,,,,,
observation_19283325,,,,,
observation_19305801,,,,,
observation_19340494,,,,,
observation_19340495,,,,,
observation_19340496,,,,,
observation_193776181,,,,,
observation_193825391,,,,,
observation_19403471,,,,,
observation_19409325,,,,,
observation_19409327,,,,,
observation_19446310,,,,,
observation_194482507,,,,,
observation_19501733,,,,,
observation_19501734,,,,,
observation_19501735,,,,,
observation_19501736,,,,,
observation_19519597,,,,,
observation_19521977,,,,,
observation_19524008,,,,,
observation_19528670,,,,,
observation_19555397,,,,,
observation_19564640,,,,,
observation_19564641,,,,,
observation_19564643,,,,,
observation_19564644,,,,,
observation_19564645,,,,,
observation_19585373,,,,,
observation_19585537,,,,,
observation_19597343,,,,,
observation_196136892,,,,,
observation_196322146,,,,,
observation_19646577,,,,,
observation_19659283,,,,,
observation_19659286,,,,,
observation_19659287,,,,,
observation_19659288,,,,,
observation_19659289,,,,,
observation_19659290,,,,,
observation_19659291,,,,,
observation_19664314,,,,,
observation_19680356,,,,,
observation_19687059,,,,,
observation_19700569,,,,,
observation_19725221,,,,,
observation_19729957,,,,,
observation_19742786,,,,,
observation_19742790,,,,,
observation_197589048,,,,,
observation_197665177,,,,,
observation_19769256,,,,,
observation_197998745,,,,,
observation_198009127,,,,,
observation_198243982,,,,,
observation_19849912,,,,,
observation_198660958,,,,,
observation_198870859,,,,,
observation_19889056,,,,,
observation_19890183,,,,,
observation_19890184,,,,,
observation_199113723,,,,,
observation_199139343,,,,,
observation_19917342,,,,,
observation_199228942,,,,,
observation_19942295,,,,,
observation_19943892,,,,,
observation_199608414,,,,,
observation_199633975,,,,,
observation_19963531,,,,,
observation_19963607,,,,,
observation_199703076,,,,,
observation_199720491,,,,,
observation_199721305,,,,,
observation_19977317,,,,,
observation_19978187,,,,,
observation_19978189,,,,,
observation_19978190,,,,,
observation_19978192,,,,,
observation_19978193,,,,,
observation_19983395,,,,,
observation_199843517,,,,,
observation_199844734,,,,,
observation_199847071,,,,,
observation_199847282,,,,,
observation_199936964,,,,,
observation_19996912,,,,,
observation_19998581,,,,,
observation_19998584,,,,,
observation_19998585,,,,,
observation_19998586,,,,,
observation_19998704,,,,,
observation_19999550,,,,,
observation_19999551,,,,,
observation_19999833,,,,,
observation_200011280,,,,,
observation_20002193,,,,,
observation_200078248,,,,,
observation_20020249,,,,,
observation_200216909,,,,,
observation_20023551,,,,,
observation_20023752,,,,,
observation_20024355,,,,,
observation_200286566,,,,,
observation_200301259,,,,,
observation_20034816,,,,,
observation_200352479,,,,,
observation_200466995,,,,,
observation_200490688,,,,,
observation_200586770,,,,,
observation_200651363,,,,,
observation_200658278,,,,,
observation_200689931,,,,,
observation_200694823,,,,,
observation_200724651,,,,,
observation_200761815,,,,,
observation_200762951,,,,,
observation_20081146,,,,,
observation_200831840,,,,,
observation_200836085,,,,,
observation_20083793,,,,,
observation_20085244,,,,,
observation_20085246,,,,,
observation_20085247,,,,,
observation_20085248,,,,,
observation_20085249,,,,,
observation_20085251,,,,,
observation_200882255,,,,,
observation_20089238,,,,,
observation_200928987,,,,,
observation_20092937,,,,,
observation_200937330,,,,,
observation_200949584,,,,,
observation_201016851,,,,,
observation_201030269,,,,,
observation_20104444,,,,,
observation_201066740,,,,,
observation_201071090,,,,,
observation_201072747,,,,,
observation_201074046,,,,,
observation_201078505,,,,,
observation_201080821,,,,,
observation_201090449,,,,,
observation_201090645,,,,,
observation_201146852,,,,,
observation_201150743,,,,,
observation_201159088,,,,,
observation_201196577,,,,,
observation_201198689,,,,,
observation_201205147,,,,,
observation_201223569,,,,,
observation_201224806,,,,,
observation_201230729,,,,,
observation_201251178,,,,,
observation_201253317,,,,,
observation_201272400,,,,,
observation_201278006,,,,,
observation_201280818,,,,,
observation_201280837,,,,,
observation_201295287,,,,,
observation_201307488,,,,,
observation_201307981,,,,,
observation_201312308,,,,,
observation_201312316,,,,,
observation_201312540,,,,,
observation_201312745,,,,,
observation_201312910,,,,,
observation_201321169,,,,,
observation_201375644,,,,,
observation_20138150,,,,,
observation_201389410,,,,,
observation_201391715,,,,,
observation_201394733,,,,,
observation_201417998,,,,,
observation_201421163,,,,,
observation_201434143,,,,,
observation_201435581,,,,,
observation_201444625,,,,,
observation_201472738,,,,,
observation_20147569,,,,,
observation_20147807,,,,,
observation_201482162,,,,,
observation_201503134,,,,,
observation_201512652,,,,,
observation_201526976,,,,,
observation_201535772,,,,,
observation_201536194,,,,,
observation_201539569,,,,,
observation_201542131,,,,,
observation_201546188,,,,,
observation_201548714,,,,,
observation_201586604,,,,,
observation_201587893,,,,,
observation_201592891,,,,,
observation_201641699,,,,,
observation_201644993,,,,,
observation_20167911,,,,,
observation_201690928,,,,,
observation_20171011,,,,,
observation_201720679,,,,,
observation_201720904,,,,,
observation_201722125,,,,,
observation_201722287,,,,,
observation_201722452,,,,,
observation_201723918,,,,,
observation_201731515,,,,,
observation_201740790,,,,,
observation_201799458,,,,,
observation_201816016,,,,,
observation_201835511,,,,,
observation_201849314,,,,,
observation_201849993,,,,,
observation_201852130,,,,,
observation_201854165,,,,,
observation_201857360,,,,,
observation_201874214,,,,,
observation_20189558,,,,,
observation_201942896,,,,,
observation_201950562,,,,,
observation_20195088,,,,,
observation_201955057,,,,,
observation_201957343,,,,,
observation_20195973,,,,,
observation_20196036,,,,,
observation_201966972,,,,,
observation_201971581,,,,,
observation_20197663,,,,,
observation_201989335,,,,,
observation_201997823,,,,,
observation_201999917,,,,,
observation_202002733,,,,,
observation_202008696,,,,,
observation_202016480,,,,,
observation_202024059,,,,,
observation_202050585,,,,,
observation_202057906,,,,,
observation_202058089,,,,,
observation_202065663,,,,,
observation_202069155,,,,,
observation_202070942,,,,,
observation_202072680,,,,,
observation_202074731,,,,,
observation_202079577,,,,,
observation_202090698,,,,,
observation_202092827,,,,,
observation_202095121,,,,,
observation_202096147,,,,,
observation_202099095,,,,,
observation_202103838,,,,,
observation_202108658,,,,,
observation_202109252,,,,,
observation_202110279,,,,,
observation_202112747,,,,,
observation_202113105,,,,,
observation_202113804,,,,,
observation_202114192,,,,,
observation_202118785,,,,,
observation_202123611,,,,,
observation_202129982,,,,,
observation_20215400,,,,,
observation_202166416,,,,,
observation_202182829,,,,,
observation_20218498,,,,,
observation_20218701,,,,,
observation_20218709,,,,,
observation_202198509,,,,,
observation_202198907,,,,,
observation_202206483,,,,,
observation_202221704,,,,,
observation_202230781,,,,,
observation_202241165,,,,,
observation_202245571,,,,,
observation_202245880,,,,,
observation_202247688,,,,,
observation_202247920,,,,,
observation_202284111,,,,,
observation_202286110,,,,,
observation_202323639,,,,,
observation_202329044,,,,,
observation_202332206,,,,,
observation_202336456,,,,,
observation_202337588,,,,,
observation_202338597,,,,,
observation_202347130,,,,,
observation_202362650,,,,,
observation_202366733,,,,,
observation_20239474,,,,,
observation_20239476,,,,,
observation_20239477,,,,,
observation_20239478,,,,,
observation_20239479,,,,,
observation_20239483,,,,,
observation_20242354,,,,,
observation_202425029,,,,,
observation_202426164,,,,,
observation_202426887,,,,,
observation_202427729,,,,,
observation_20242975,,,,,
observation_202432243,,,,,
observation_20244218,,,,,
observation_202444757,,,,,
observation_202447988,,,,,
observation_202456914,,,,,
observation_202467686,,,,,
observation_202468974,,,,,
observation_202486554,,,,,
observation_202486938,,,,,
observation_202493216,,,,,
observation_202495557,,,,,
observation_202497671,,,,,
observation_20253559,,,,,
observation_202539799,,,,,
observation_202544188,,,,,
observation_202549415,,,,,
observation_202549876,,,,,
observation_202552152,,,,,
observation_202579770,,,,,
observation_202584068,,,,,
observation_202589711,,,,,
observation_202592532,,,,,
observation_202592563,,,,,
observation_202592666,,,,,
observation_202593856,,,,,
observation_202601713,,,,,
observation_202601723,,,,,
observation_202601889,,,,,
observation_202608778,,,,,
observation_202611293,,,,,
observation_202614476,,,,,
observation_202618808,,,,,
observation_202619812,,,,,
observation_202642863,,,,,
observation_202671773,,,,,
observation_202686886,,,,,
observation_202687135,,,,,
observation_202687192,,,,,
observation_202693255,,,,,
observation_202697454,,,,,
observation_202705314,,,,,
observation_20271189,,,,,
observation_202717668,,,,,
observation_202717717,,,,,
observation_202719848,,,,,
observation_202721399,,,,,
observation_202731352,,,,,
observation_202731418,,,,,
observation_202731930,,,,,
observation_202734496,,,,,
observation_202742335,,,,,
observation_202749402,,,,,
observation_202760124,,,,,
observation_202763437,,,,,
observation_202766247,,,,,
observation_202766985,,,,,
observation_202770266,,,,,
observation_202772709,,,,,
observation_202777220,,,,,
observation_202781684,,,,,
observation_202802481,,,,,
observation_202829274,,,,,
observation_202867444,,,,,
observation_20287031,,,,,
observation_202881169,,,,,
observation_202884769,,,,,
observation_202886237,,,,,
observation_202897131,,,,,
observation_202907243,,,,,
observation_202910853,,,,,
observation_202925191,,,,,
observation_202929680,,,,,
observation_202939725,,,,,
observation_202940054,,,,,
observation_202945524,,,,,
observation_202945592,,,,,
observation_20296091,,,,,
observation_202966134,,,,,
observation_20296714,,,,,
observation_202976368,,,,,
observation_202978782,,,,,
observation_202979145,,,,,
observation_202988160,,,,,
observation_202989045,,,,,
observation_202998871,,,,,
observation_203011915,,,,,
observation_203012122,,,,,
observation_203014024,,,,,
observation_203021375,,,,,
observation_203025176,,,,,
observation_203028914,,,,,
observation_203031707,,,,,
observation_203055506,,,,,
observation_203059930,,,,,
observation_203059951,,,,,
observation_203060225,,,,,
observation_203065887,,,,,
observation_203072955,,,,,
observation_20311839,,,,,
observation_203123021,,,,,
observation_20312414,,,,,
observation_20312416,,,,,
observation_203125923,,,,,
observation_203127923,,,,,
observation_203135133,,,,,
observation_203144697,,,,,
observation_203147906,,,,,
observation_203149475,,,,,
observation_203151824,,,,,
observation_203160412,,,,,
observation_203161138,,,,,
observation_203163712,,,,,
observation_203164558,,,,,
observation_203164686,,,,,
observation_203169261,,,,,
observation_203171565,,,,,
observation_203178994,,,,,
observation_203180640,,,,,
observation_203182062,,,,,
observation_203196557,,,,,
observation_203196777,,,,,
observation_203196965,,,,,
observation_203197397,,,,,
observation_203197879,,,,,
observation_203198720,,,,,
observation_203224552,,,,,
observation_203263202,,,,,
observation_203274454,,,,,
observation_20328910,,,,,
observation_203305578,,,,,
observation_203314724,,,,,
observation_203316667,,,,,
observation_203346217,,,,,
observation_20335582,,,,,
observation_20335583,,,,,
observation_20335585,,,,,
observation_203357473,,,,,
observation_203361515,,,,,
observation_203363585,,,,,
observation_203365166,,,,,
observation_203365431,,,,,
observation_203375342,,,,,
observation_203381800,,,,,
observation_20338726,,,,,
observation_20338771,,,,,
observation_203388418,,,,,
observation_203400891,,,,,
observation_203403421,,,,,
observation_20342258,,,,,
observation_203424377,,,,,
observation_203437558,,,,,
observation_203470343,,,,,
observation_203484753,,,,,
observation_203489664,,,,,
observation_203499906,,,,,
observation_203501330,,,,,
observation_203508630,,,,,
observation_203511150,,,,,
observation_20351153,,,,,
observation_20351154,,,,,
observation_20351156,,,,,
observation_20351157,,,,,
observation_203515374,,,,,
observation_203520131,,,,,
observation_203529047,,,,,
observation_203529092,,,,,
observation_203532275,,,,,
observation_203536324,,,,,
observation_203543376,,,,,
observation_203544668,,,,,
observation_203551099,,,,,
observation_203551623,,,,,
observation_203552461,,,,,
observation_203552594,,,,,
observation_203552606,,,,,
observation_203553850,,,,,
observation_203594048,,,,,
observation_203598549,,,,,
observation_203615487,,,,,
observation_203615620,,,,,
observation_203615786,,,,,
observation_203624845,,,,,
observation_203632834,,,,,
observation_203641095,,,,,
observation_203645580,,,,,
observation_203650247,,,,,
observation_203655050,,,,,
observation_203655484,,,,,
observation_203656891,,,,,
observation_203657859,,,,,
observation_203663807,,,,,
observation_203664974,,,,,
observation_203672067,,,,,
observation_203672634,,,,,
observation_203680841,,,,,
observation_203694318,,,,,
observation_203698624,,,,,
observation_203700012,,,,,
observation_203729537,,,,,
observation_20374967,,,,,
observation_20374969,,,,,
observation_203749870,,,,,
observation_203758206,,,,,
observation_203768074,,,,,
observation_20377387,,,,,
observation_203779843,,,,,
observation_203781756,,,,,
observation_203781766,,,,,
observation_203781795,,,,,
observation_203781800,,,,,
observation_203781840,,,,,
observation_203792770,,,,,
observation_203798938,,,,,
observation_203815240,,,,,
observation_203820210,,,,,
observation_203827378,,,,,
observation_203918091,,,,,
observation_20392753,,,,,
observation_203960406,,,,,
observation_203985931,,,,,
observation_203986005,,,,,
observation_203986683,,,,,
observation_203987477,,,,,
observation_20403693,,,,,
observation_20403694,,,,,
observation_20403695,,,,,
observation_20403699,,,,,
observation_20403700,,,,,
observation_204037903,,,,,
observation_20404478,,,,,
observation_204059585,,,,,
observation_204068797,,,,,
observation_204089104,,,,,
observation_204101767,,,,,
observation_204111969,,,,,
observation_204153324,,,,,
observation_204154014,,,,,
observation_204156887,,,,,
observation_20416034,,,,,
observation_204165590,,,,,
observation_204175883,,,,,
observation_204179408,,,,,
observation_204197912,,,,,
observation_204211001,,,,,
observation_204214352,,,,,
observation_204222545,,,,,
observation_204222583,,,,,
observation_204224028,,,,,
observation_204231920,,,,,
observation_204263405,,,,,
observation_20428628,,,,,
observation_20428760,,,,,
observation_204290532,,,,,
observation_204308780,,,,,
observation_204311519,,,,,
observation_204318898,,,,,
observation_204320866,,,,,
observation_204324252,,,,,
observation_204324449,,,,,
observation_204325344,,,,,
observation_204333922,,,,,
observation_204351688,,,,,
observation_204354460,,,,,
observation_204388668,,,,,
observation_204405252,,,,,
observation_204407690,,,,,
observation_204413330,,,,,
observation_204470096,,,,,
observation_204501435,,,,,
observation_204552982,,,,,
observation_204556838,,,,,
observation_204592260,,,,,
observation_204596707,,,,,
observation_204603100,,,,,
observation_204623454,,,,,
observation_204633496,,,,,
observation_204635038,,,,,
observation_204638353,,,,,
observation_204646190,,,,,
observation_20465031,,,,,
observation_204654993,,,,,
observation_204666687,,,,,
observation_204670872,,,,,
observation_204671628,,,,,
observation_204675950,,,,,
observation_20468601,,,,,
observation_204690215,,,,,
observation_204709205,,,,,
observation_204710263,,,,,
observation_20474054,,,,,
observation_204741899,,,,,
observation_204746783,,,,,
observation_204772335,,,,,
observation_204798882,,,,,
observation_204801442,,,,,
observation_204821441,,,,,
observation_204832364,,,,,
observation_204832901,,,,,
observation_204833454,,,,,
observation_204833638,,,,,
observation_204840664,,,,,
observation_204844100,,,,,
observation_204844241,,,,,
observation_204846789,,,,,
observation_204850153,,,,,
observation_204864370,,,,,
observation_204871669,,,,,
observation_20491315,,,,,
observation_204918622,,,,,
observation_204968729,,,,,
observation_204970647,,,,,
observation_20498767,,,,,
observation_20498946,,,,,
observation_205000138,,,,,
observation_205000834,,,,,
observation_205021843,,,,,
observation_205027759,,,,,
observation_205029742,,,,,
observation_205035897,,,,,
observation_205039446,,,,,
observation_205045984,,,,,
observation_205051801,,,,,
observation_205076697,,,,,
observation_205084398,,,,,
observation_205088600,,,,,
observation_205090005,,,,,
observation_205103855,,,,,
observation_205107198,,,,,
observation_205121084,,,,,
observation_205180806,,,,,
observation_20518594,,,,,
observation_20518596,,,,,
observation_205193470,,,,,
observation_205198396,,,,,
observation_20520696,,,,,
observation_20520697,,,,,
observation_20520698,,,,,
observation_20520699,,,,,
observation_20520700,,,,,
observation_20520701,,,,,
observation_205246956,,,,,
observation_205263007,,,,,
observation_205278797,,,,,
observation_205282068,,,,,
observation_205284381,,,,,
observation_205293134,,,,,
observation_205293403,,,,,
observation_205305675,,,,,
observation_205329144,,,,,
observation_205329323,,,,,
observation_205341600,,,,,
observation_205383528,,,,,
observation_205412672,,,,,
observation_205432265,,,,,
observation_205441875,,,,,
observation_205449139,,,,,
observation_20545506,,,,,
observation_20545520,,,,,
observation_20545546,,,,,
observation_20545558,,,,,
observation_205456242,,,,,
observation_205515021,,,,,
observation_205518238,,,,,
observation_205529021,,,,,
observation_205536585,,,,,
observation_20556895,,,,,
observation_205596740,,,,,
observation_205601536,,,,,
observation_205610378,,,,,
observation_205623294,,,,,
observation_20563776,,,,,
observation_205691029,,,,,
observation_205724385,,,,,
observation_205764793,,,,,
observation_205801571,,,,,
observation_205802303,,,,,
observation_205805337,,,,,
observation_205811553,,,,,
observation_205876365,,,,,
observation_205878241,,,,,
observation_205901118,,,,,
observation_205903097,,,,,
observation_205909218,,,,,
observation_205911774,,,,,
observation_205937856,,,,,
observation_205941050,,,,,
observation_205977724,,,,,
observation_205988442,,,,,
observation_205993994,,,,,
observation_206002344,,,,,
observation_206005474,,,,,
observation_206009864,,,,,
observation_206010446,,,,,
observation_206081873,,,,,
observation_206089948,,,,,
observation_206140704,,,,,
observation_206146312,,,,,
observation_206149859,,,,,
observation_206150869,,,,,
observation_206173774,,,,,
observation_206182074,,,,,
observation_206191322,,,,,
observation_206192103,,,,,
observation_206195802,,,,,
observation_206201123,,,,,
observation_206294286,,,,,
observation_206301361,,,,,
observation_206310428,,,,,
observation_206318065,,,,,
observation_206324314,,,,,
observation_206363426,,,,,
observation_206415089,,,,,
observation_206445104,,,,,
observation_206446462,,,,,
observation_206478407,,,,,
observation_206481292,,,,,
observation_206487434,,,,,
observation_206501582,,,,,
observation_206503082,,,,,
observation_206503093,,,,,
observation_206504136,,,,,
observation_206516605,,,,,
observation_206533453,,,,,
observation_206539683,,,,,
observation_206606125,,,,,
observation_206634177,,,,,
observation_206634796,,,,,
observation_20703888,,,,,
observation_20709017,,,,,
observation_20709241,,,,,
observation_20738438,,,,,
observation_20741625,,,,,
observation_20745301,,,,,
observation_20750240,,,,,
observation_20759255,,,,,
observation_20759638,,,,,
observation_20764368,,,,,
observation_20764860,,,,,
observation_20764980,,,,,
observation_20765404,,,,,
observation_20767523,,,,,
observation_20771490,,,,,
observation_20772005,,,,,
observation_20773991,,,,,
observation_20781381,,,,,
observation_20782940,,,,,
observation_20790730,,,,,
observation_20791145,,,,,
observation_20797222,,,,,
observation_20812395,,,,,
observation_20820316,,,,,
observation_20821244,,,,,
observation_20827673,,,,,
observation_20839231,,,,,
observation_20839233,,,,,
observation_20840381,,,,,
observation_20840382,,,,,
observation_20842120,,,,,
observation_20842562,,,,,
observation_20845887,,,,,
observation_20855579,,,,,
observation_20865660,,,,,
observation_20866770,,,,,
observation_20866778,,,,,
observation_20869993,,,,,
observation_20880078,,,,,
observation_20884409,,,,,
observation_20890745,,,,,
observation_20895611,,,,,
observation_20899986,,,,,
observation_20912428,,,,,
observation_20914037,,,,,
observation_20918477,,,,,
observation_20919019,,,,,
observation_20923020,,,,,
observation_20925479,,,,,
observation_20927537,,,,,
observation_20930540,,,,,
observation_20933844,,,,,
observation_20934605,,,,,
observation_20945244,,,,,
observation_20948432,,,,,
observation_20956010,,,,,
observation_20962874,,,,,
observation_20965138,,,,,
observation_20967147,,,,,
observation_20980700,,,,,
observation_20983389,,,,,
observation_20983640,,,,,
observation_20984232,,,,,
observation_20985939,,,,,
observation_20991966,,,,,
observation_21001326,,,,,
observation_21001907,,,,,
observation_21003342,,,,,
observation_21003343,,,,,
observation_21003345,,,,,
observation_21003346,,,,,
observation_21003347,,,,,
observation_21003352,,,,,
observation_21003353,,,,,
observation_21003357,,,,,
observation_21010440,,,,,
observation_21012176,,,,,
observation_21013714,,,,,
observation_21014979,,,,,
observation_21016020,,,,,
observation_21039301,,,,,
observation_21044859,,,,,
observation_21044964,,,,,
observation_21046249,,,,,
observation_21065179,,,,,
observation_21070656,,,,,
observation_21071524,,,,,
observation_21090608,,,,,
observation_21091605,,,,,
observation_21093552,,,,,
observation_21098202,,,,,
observation_21103120,,,,,
observation_21113960,,,,,
observation_21116177,,,,,
observation_21117373,,,,,
observation_21117374,,,,,
observation_21121193,,,,,
observation_21122257,,,,,
observation_21122262,,,,,
observation_21122263,,,,,
observation_21126714,,,,,
observation_21127340,,,,,
observation_21130811,,,,,
observation_21132170,,,,,
observation_21135425,,,,,
observation_21141050,,,,,
observation_21150426,,,,,
observation_21150876,,,,,
observation_21156424,,,,,
observation_21160008,,,,,
observation_21166291,,,,,
observation_21169689,,,,,
observation_21181710,,,,,
observation_21189063,,,,,
observation_21195160,,,,,
observation_21204060,,,,,
observation_21206757,,,,,
observation_21217000,,,,,
observation_21219713,,,,,
observation_21219723,,,,,
observation_21219751,,,,,
observation_21219767,,,,,
observation_21231184,,,,,
observation_21231185,,,,,
observation_21231186,,,,,
observation_21232497,,,,,
observation_21241233,,,,,
observation_21242662,,,,,
observation_21249617,,,,,
observation_21250359,,,,,
observation_21250426,,,,,
observation_21250731,,,,,
observation_21257287,,,,,
observation_21274695,,,,,
observation_21275290,,,,,
observation_21277233,,,,,
observation_21278406,,,,,
observation_21288197,,,,,
observation_21295322,,,,,
observation_21295745,,,,,
observation_21296106,,,,,
observation_21301928,,,,,
observation_21304506,,,,,
observation_21306748,,,,,
observation_21306749,,,,,
observation_21315863,,,,,
observation_21325643,,,,,
observation_21338871,,,,,
observation_21339543,,,,,
observation_21340075,,,,,
observation_21341903,,,,,
observation_21346826,,,,,
observation_21347772,,,,,
observation_21347811,,,,,
observation_21348341,,,,,
observation_21349314,,,,,
observation_21351357,,,,,
observation_21364475,,,,,
observation_21364787,,,,,
observation_21368154,,,,,
observation_21368897,,,,,
observation_21370609,,,,,
observation_21377561,,,,,
observation_21378483,,,,,
observation_21378570,,,,,
observation_21388414,,,,,
observation_21393567,,,,,
observation_21395050,,,,,
observation_21399951,,,,,
observation_21408041,,,,,
observation_21411281,,,,,
observation_21416125,,,,,
observation_21416515,,,,,
observation_21423038,,,,,
observation_21428054,,,,,
observation_21428074,,,,,
observation_21431519,,,,,
observation_21431590,,,,,
observation_21444167,,,,,
observation_21462565,,,,,
observation_21474184,,,,,
observation_21482259,,,,,
observation_21487757,,,,,
observation_21505981,,,,,
observation_21511225,,,,,
observation_21511341,,,,,
observation_21528407,,,,,
observation_21529011,,,,,
observation_21530580,,,,,
observation_21536782,,,,,
observation_21544841,,,,,
observation_21545307,,,,,
observation_21547255,,,,,
observation_21547436,,,,,
observation_21552270,,,,,
observation_21554397,,,,,
observation_21558799,,,,,
observation_21571352,,,,,
observation_21574112,,,,,
observation_21574228,,,,,
observation_21577633,,,,,
observation_21579222,,,,,
observation_21582422,,,,,
observation_21584879,,,,,
observation_21585097,,,,,
observation_21586699,,,,,
observation_21607433,,,,,
observation_21610496,,,,,
observation_21613980,,,,,
observation_21616670,,,,,
observation_21619390,,,,,
observation_21622749,,,,,
observation_21628326,,,,,
observation_21640021,,,,,
observation_21646418,,,,,
observation_21655193,,,,,
observation_21681337,,,,,
observation_21688494,,,,,
observation_21689648,,,,,
observation_21700870,,,,,
observation_21719387,,,,,
observation_21723041,,,,,
observation_21728089,,,,,
observation_21743263,,,,,
observation_21744933,,,,,
observation_21747989,,,,,
observation_21762506,,,,,
observation_21762980,,,,,
observation_21767853,,,,,
observation_21779658,,,,,
observation_21783917,,,,,
observation_21790702,,,,,
observation_21790956,,,,,
observation_21800562,,,,,
observation_21801814,,,,,
observation_21808691,,,,,
observation_21809193,,,,,
observation_21809279,,,,,
observation_21815723,,,,,
observation_21838725,,,,,
observation_21846703,,,,,
observation_21846704,,,,,
observation_21846705,,,,,
observation_21853946,,,,,
observation_21864507,,,,,
observation_21879207,,,,,
observation_21913584,,,,,
observation_21918628,,,,,
observation_21928930,,,,,
observation_21933457,,,,,
observation_21934183,,,,,
observation_21979253,,,,,
observation_21985304,,,,,
observation_21992089,,,,,
observation_21997949,,,,,
observation_21999477,,,,,
observation_21999490,,,,,
observation_21999493,,,,,
observation_22000261,,,,,
observation_22022335,,,,,
observation_22038289,,,,,
observation_22060528,,,,,
observation_22065536,,,,,
observation_220675,,,,,
observation_22068320,,,,,
observation_22094361,,,,,
observation_22106366,,,,,
observation_22117850,,,,,
observation_22119794,,,,,
observation_22120236,,,,,
observation_22125883,,,,,
observation_22128226,,,,,
observation_22141331,,,,,
observation_22173240,,,,,
observation_22176242,,,,,
observation_22182582,,,,,
observation_22185501,,,,,
observation_22200046,,,,,
observation_22201065,,,,,
observation_22212732,,,,,
observation_22221459,,,,,
observation_22225379,,,,,
observation_22260207,,,,,
observation_22284258,,,,,
observation_223058,,,,,
observation_22311058,,,,,
observation_22341963,,,,,
observation_22381298,,,,,
observation_22385200,,,,,
observation_22396438,,,,,
observation_22401123,,,,,
observation_22420101,,,,,
observation_22425072,,,,,
observation_22446607,,,,,
observation_22446952,,,,,
observation_22452464,,,,,
observation_22467344,,,,,
observation_22491365,,,,,
observation_22502511,,,,,
observation_22502741,,,,,
observation_22513213,,,,,
observation_22529483,,,,,
observation_22532252,,,,,
observation_22539122,,,,,
observation_22581336,,,,,
observation_22637617,,,,,
observation_22690930,,,,,
observation_22712425,,,,,
observation_22712619,,,,,
observation_22742905,,,,,
observation_22800236,,,,,
observation_22848094,,,,,
observation_22890671,,,,,
observation_22920088,,,,,
observation_22925953,,,,,
observation_22929436,,,,,
observation_22947307,,,,,
observation_22968590,,,,,
observation_22978653,,,,,
observation_23000482,,,,,
observation_23068173,,,,,
observation_23099591,,,,,
observation_23155438,,,,,
observation_23252947,,,,,
observation_23321916,,,,,
observation_233932,,,,,
observation_234021,,,,,
observation_23491378,,,,,
observation_23702061,,,,,
observation_23804220,,,,,
observation_23829006,,,,,
observation_24079973,,,,,
observation_24115748,,,,,
observation_24157144,,,,,
observation_24221985,,,,,
observation_24341647,,,,,
observation_24397667,,,,,
observation_24398211,,,,,
observation_2445713,,,,,
observation_24617310,,,,,
observation_24865511,,,,,
observation_24964527,,,,,
observation_24967061,,,,,
observation_25046214,,,,,
observation_25067848,,,,,
observation_25241733,,,,,
observation_25249415,,,,,
observation_25291606,,,,,
observation_25410802,,,,,
observation_25535443,,,,,
observation_25843466,,,,,
observation_26658114,,,,,
observation_26761643,,,,,
observation_26766010,,,,,
observation_2720061,,,,,
observation_2744613,,,,,
observation_2750494,,,,,
observation_2768558,,,,,
observation_2775422,,,,,
observation_2775736,,,,,
observation_2783366,,,,,
observation_2788644,,,,,
observation_2794300,,,,,
observation_2819063,,,,,
observation_2823938,,,,,
observation_2826257,,,,,
observation_2828352,,,,,
observation_2830794,,,,,
observation_2852280,,,,,
observation_2855550,,,,,
observation_28603194,,,,,
observation_2868044,,,,,
observation_28756262,,,,,
observation_2907694,,,,,
observation_2920799,,,,,
observation_29434040,,,,,
observation_29771249,,,,,
observation_29771250,,,,,
observation_29771251,,,,,
observation_29907358,,,,,
observation_30009920,,,,,
observation_3027331,,,,,
observation_30353884,,,,,
observation_30870246,,,,,
observation_31114834,,,,,
observation_31114835,,,,,
observation_31114837,,,,,
observation_31164317,,,,,
observation_31280178,,,,,
observation_31280180,,,,,
observation_31435576,,,,,
observation_32097680,,,,,
observation_32125924,,,,,
observation_32270619,,,,,
observation_32443896,,,,,
observation_32474610,,,,,
observation_32686694,,,,,
observation_32686695,,,,,
observation_32883595,,,,,
observation_3442158,,,,,
observation_36388682,,,,,
observation_3653742,,,,,
observation_36927481,,,,,
observation_37115228,,,,,
observation_37178396,,,,,
observation_37389368,,,,,
observation_38016637,,,,,
observation_38318848,,,,,
observation_38326226,,,,,
observation_38404739,,,,,
observation_38445390,,,,,
observation_38445676,,,,,
observation_38449239,,,,,
observation_38449271,,,,,
observation_38468426,,,,,
observation_38486188,,,,,
observation_38487954,,,,,
observation_3852524,,,,,
observation_38546361,,,,,
observation_38583862,,,,,
observation_38589699,,,,,
observation_38592206,,,,,
observation_38592841,,,,,
observation_38612565,,,,,
observation_38621629,,,,,
observation_38625791,,,,,
observation_38626816,,,,,
observation_38656814,,,,,
observation_38656905,,,,,
observation_38692022,,,,,
observation_38695075,,,,,
observation_38722271,,,,,
observation_38722280,,,,,
observation_38733175,,,,,
observation_38739765,,,,,
observation_38743901,,,,,
observation_38779972,,,,,
observation_38783345,,,,,
observation_38784246,,,,,
observation_38797841,,,,,
observation_38798091,,,,,
observation_38815243,,,,,
observation_38815258,,,,,
observation_38832980,,,,,
observation_38832995,,,,,
observation_38859221,,,,,
observation_38871858,,,,,
observation_38872400,,,,,
observation_38917006,,,,,
observation_38942377,,,,,
observation_38948364,,,,,
observation_39027656,,,,,
observation_39029935,,,,,
observation_39063570,,,,,
observation_39067646,,,,,
observation_39091162,,,,,
observation_39173052,,,,,
observation_39179417,,,,,
observation_39186602,,,,,
observation_39191327,,,,,
observation_39192053,,,,,
observation_39215099,,,,,
observation_39216347,,,,,
observation_39225331,,,,,
observation_39225348,,,,,
observation_39228229,,,,,
observation_39231957,,,,,
observation_39233633,,,,,
observation_39233636,,,,,
observation_39241786,,,,,
observation_39261086,,,,,
observation_39261115,,,,,
observation_39261323,,,,,
observation_39263113,,,,,
observation_39282787,,,,,
observation_39283277,,,,,
observation_39284743,,,,,
observation_39324131,,,,,
observation_39332054,,,,,
observation_39332157,,,,,
observation_39351425,,,,,
observation_39354579,,,,,
observation_39375742,,,,,
observation_39377569,,,,,
observation_39382857,,,,,
observation_39383044,,,,,
observation_39385149,,,,,
observation_39385151,,,,,
observation_39392151,,,,,
observation_39413221,,,,,
observation_39414786,,,,,
observation_39421259,,,,,
observation_39422886,,,,,
observation_39428998,,,,,
observation_39431858,,,,,
observation_39432516,,,,,
observation_39433735,,,,,
observation_39436302,,,,,
observation_39474649,,,,,
observation_39500659,,,,,
observation_39500699,,,,,
observation_39514304,,,,,
observation_39520060,,,,,
observation_39522300,,,,,
observation_39536378,,,,,
observation_39536785,,,,,
observation_39542562,,,,,
observation_39543984,,,,,
observation_39555207,,,,,
observation_39561281,,,,,
observation_39571568,,,,,
observation_39575028,,,,,
observation_39575283,,,,,
observation_39581107,,,,,
observation_39591634,,,,,
observation_39600958,,,,,
observation_39631639,,,,,
observation_39634014,,,,,
observation_39637108,,,,,
observation_39660548,,,,,
observation_39663663,,,,,
observation_39664313,,,,,
observation_39672307,,,,,
observation_39676753,,,,,
observation_39687973,,,,,
observation_39698287,,,,,
observation_39699118,,,,,
observation_39714558,,,,,
observation_39729653,,,,,
observation_39730236,,,,,
observation_39730392,,,,,
observation_39730678,,,,,
observation_39734309,,,,,
observation_39734440,,,,,
observation_39734646,,,,,
observation_39742006,,,,,
observation_39752509,,,,,
observation_39775428,,,,,
observation_39786266,,,,,
observation_39786513,,,,,
observation_39787579,,,,,
observation_39800942,,,,,
observation_39813053,,,,,
observation_39816358,,,,,
observation_39823631,,,,,
observation_39848163,,,,,
observation_39865424,,,,,
observation_39865622,,,,,
observation_39868792,,,,,
observation_39869487,,,,,
observation_39869715,,,,,
observation_39871467,,,,,
observation_39890995,,,,,
observation_39893032,,,,,
observation_39904103,,,,,
observation_39956565,,,,,
observation_39972402,,,,,
observation_39972720,,,,,
observation_39972930,,,,,
observation_39988057,,,,,
observation_39990389,,,,,
observation_39991880,,,,,
observation_39996114,,,,,
observation_39996439,,,,,
observation_40002728,,,,,
observation_40006156,,,,,
observation_40010152,,,,,
observation_40032400,,,,,
observation_40048194,,,,,
observation_40049111,,,,,
observation_40049493,,,,,
observation_40064780,,,,,
observation_40078221,,,,,
observation_40102174,,,,,
observation_40105991,,,,,
observation_40106323,,,,,
observation_40108000,,,,,
observation_40108004,,,,,
observation_40112121,,,,,
observation_40117335,,,,,
observation_40144547,,,,,
observation_40151093,,,,,
observation_40151118,,,,,
observation_40151980,,,,,
observation_40155011,,,,,
observation_40160312,,,,,
observation_40169387,,,,,
observation_40207868,,,,,
observation_40235454,,,,,
observation_40239315,,,,,
observation_40251402,,,,,
observation_40265553,,,,,
observation_40277074,,,,,
observation_40304720,,,,,
observation_40305374,,,,,
observation_40327133,,,,,
observation_40334426,,,,,
observation_40345585,,,,,
observation_40378783,,,,,
observation_40388385,,,,,
observation_40390164,,,,,
observation_40390496,,,,,
observation_40404707,,,,,
observation_40426059,,,,,
observation_40431499,,,,,
observation_40527711,,,,,
observation_40527985,,,,,
observation_40533427,,,,,
observation_40534392,,,,,
observation_40564791,,,,,
observation_40569801,,,,,
observation_40571227,,,,,
observation_40601321,,,,,
observation_40607585,,,,,
observation_40613613,,,,,
observation_40614544,,,,,
observation_40619158,,,,,
observation_40640735,,,,,
observation_40661969,,,,,
observation_40665366,,,,,
observation_40672302,,,,,
observation_40697528,,,,,
observation_40726296,,,,,
observation_40731759,,,,,
observation_40760911,,,,,
observation_40769640,,,,,
observation_40776883,,,,,
observation_40803640,,,,,
observation_40838264,,,,,
observation_40859359,,,,,
observation_40885724,,,,,
observation_40897974,,,,,
observation_40909147,,,,,
observation_40910849,,,,,
observation_40922699,,,,,
observation_40925214,,,,,
observation_40928198,,,,,
observation_40928202,,,,,
observation_40929090,,,,,
observation_40931755,,,,,
observation_40949669,,,,,
observation_40986216,,,,,
observation_40988135,,,,,
observation_41000835,,,,,
observation_41001261,,,,,
observation_41002852,,,,,
observation_41003632,,,,,
observation_41014364,,,,,
observation_41014666,,,,,
observation_41015008,,,,,
observation_41015983,,,,,
observation_41018486,,,,,
observation_41054743,,,,,
observation_41066465,,,,,
observation_41070800,,,,,
observation_41079663,,,,,
observation_41085407,,,,,
observation_41144329,,,,,
observation_41144533,,,,,
observation_41167310,,,,,
observation_41170083,,,,,
observation_41170634,,,,,
observation_41172819,,,,,
observation_41186659,,,,,
observation_41186951,,,,,
observation_41189549,,,,,
observation_41200104,,,,,
observation_41200849,,,,,
observation_41200973,,,,,
observation_41210978,,,,,
observation_41227773,,,,,
observation_41237110,,,,,
observation_41242246,,,,,
observation_41259343,,,,,
observation_41262789,,,,,
observation_41263836,,,,,
observation_41274245,,,,,
observation_41277812,,,,,
observation_41295134,,,,,
observation_41310140,,,,,
observation_41325128,,,,,
observation_41325233,,,,,
observation_41325330,,,,,
observation_41325796,,,,,
observation_41326169,,,,,
observation_41356235,,,,,
observation_41375989,,,,,
observation_41386593,,,,,
observation_41408513,,,,,
observation_41415477,,,,,
observation_41469869,,,,,
observation_41474895,,,,,
observation_41484343,,,,,
observation_41495857,,,,,
observation_41501377,,,,,
observation_41501378,,,,,
observation_41504386,,,,,
observation_41509725,,,,,
observation_41539602,,,,,
observation_41547297,,,,,
observation_41550715,,,,,
observation_41584432,,,,,
observation_41626631,,,,,
observation_41626678,,,,,
observation_41630268,,,,,
observation_41643268,,,,,
observation_41649096,,,,,
observation_41671001,,,,,
observation_41710489,,,,,
observation_41726895,,,,,
observation_41788935,,,,,
observation_41790835,,,,,
observation_41792737,,,,,
observation_41802413,,,,,
observation_41802436,,,,,
observation_41843985,,,,,
observation_41955155,,,,,
observation_41978088,,,,,
observation_42025514,,,,,
observation_42052734,,,,,
observation_42054291,,,,,
observation_42063701,,,,,
observation_42070087,,,,,
observation_42092650,,,,,
observation_42112340,,,,,
observation_42119681,,,,,
observation_42129329,,,,,
observation_42132245,,,,,
observation_42140127,,,,,
observation_42210390,,,,,
observation_42214618,,,,,
observation_42215238,,,,,
observation_42217122,,,,,
observation_42218435,,,,,
observation_42245806,,,,,
observation_42249476,,,,,
observation_42250204,,,,,
observation_42265442,,,,,
observation_42296199,,,,,
observation_42341793,,,,,
observation_42344450,,,,,
observation_42345631,,,,,
observation_42403991,,,,,
observation_42429217,,,,,
observation_42515814,,,,,
observation_42561274,,,,,
observation_42585334,,,,,
observation_42597329,,,,,
observation_42602236,,,,,
observation_42614624,,,,,
observation_42637852,,,,,
observation_42640258,,,,,
observation_42690390,,,,,
observation_42701475,,,,,
observation_42719618,,,,,
observation_42787077,,,,,
observation_42804851,,,,,
observation_42808543,,,,,
observation_42875482,,,,,
observation_42899576,,,,,
observation_42932233,,,,,
observation_42960134,,,,,
observation_42960577,,,,,
observation_42975628,,,,,
observation_43025658,,,,,
observation_43234168,,,,,
observation_43252393,,,,,
observation_43399044,,,,,
observation_43493150,,,,,
observation_43698373,,,,,
observation_43699402,,,,,
observation_43776771,,,,,
observation_43781980,,,,,
observation_43791119,,,,,
observation_43829485,,,,,
observation_44004755,,,,,
observation_44005121,,,,,
observation_44377661,,,,,
observation_44425584,,,,,
observation_44555766,,,,,
observation_44664044,,,,,
observation_44845770,,,,,
observation_45139387,,,,,
observation_45334438,,,,,
observation_45334494,,,,,
observation_45424543,,,,,
observation_45604598,,,,,
observation_46335711,,,,,
observation_46558662,,,,,
observation_49543552,,,,,
observation_5143385,,,,,
observation_5170936,,,,,
observation_5185392,,,,,
observation_5187465,,,,,
observation_5195315,,,,,
observation_5196964,,,,,
observation_5202886,,,,,
observation_5220727,,,,,
observation_5229782,,,,,
observation_5230442,,,,,
observation_5230537,,,,,
observation_5232976,,,,,
observation_5235117,,,,,
observation_5248490,,,,,
observation_5248519,,,,,
observation_5250379,,,,,
observation_5280034,,,,,
observation_5287582,,,,,
observation_5287978,,,,,
observation_5291563,,,,,
observation_5294813,,,,,
observation_5298921,,,,,
observation_5303975,,,,,
observation_5309199,,,,,
observation_5309246,,,,,
observation_5323321,,,,,
observation_5343705,,,,,
observation_5373561,,,,,
observation_5374078,,,,,
observation_5374310,,,,,
observation_5381277,,,,,
observation_5385949,,,,,
observation_5390543,,,,,
observation_5397521,,,,,
observation_53989358,,,,,
observation_53989363,,,,,
observation_53993484,,,,,
observation_53993589,,,,,
observation_5402953,,,,,
observation_5415299,,,,,
observation_5417544,,,,,
observation_5417620,,,,,
observation_5430948,,,,,
observation_5431410,,,,,
observation_5431476,,,,,
observation_5431748,,,,,
observation_5433326,,,,,
observation_5436707,,,,,
observation_5437443,,,,,
observation_5446765,,,,,
observation_5458138,,,,,
observation_5460800,,,,,
observation_5464876,,,,,
observation_5468984,,,,,
observation_5469219,,,,,
observation_5473312,,,,,
observation_5474727,,,,,
observation_5484208,,,,,
observation_5490005,,,,,
observation_5493079,,,,,
observation_5502107,,,,,
observation_5511316,,,,,
observation_5514498,,,,,
observation_5519985,,,,,
observation_5535084,,,,,
observation_5535151,,,,,
observation_5540666,,,,,
observation_5545335,,,,,
observation_5555919,,,,,
observation_5555924,,,,,
observation_5560931,,,,,
observation_5565918,,,,,
observation_55660869,,,,,
observation_5575934,,,,,
observation_5584028,,,,,
observation_5592207,,,,,
observation_5602755,,,,,
observation_5603548,,,,,
observation_5619703,,,,,
observation_5620830,,,,,
observation_56252155,,,,,
observation_5632243,,,,,
observation_5654686,,,,,
observation_5656593,,,,,
observation_5657439,,,,,
observation_5657812,,,,,
observation_5666087,,,,,
observation_5671251,,,,,
observation_5677289,,,,,
observation_56859040,,,,,
observation_56983846,,,,,
observation_5711002,,,,,
observation_5789279,,,,,
observation_5842214,,,,,
observation_5883745,,,,,
observation_5920168,,,,,
observation_5931260,,,,,
observation_59417314,,,,,
observation_59530106,,,,,
observation_5962718,,,,,
observation_5968715,,,,,
observation_6036253,,,,,
observation_6084159,,,,,
observation_61127514,,,,,
observation_6156438,,,,,
observation_642336,,,,,
observation_646467,,,,,
observation_6475916,,,,,
observation_6501112,,,,,
observation_6504596,,,,,
observation_65218423,,,,,
observation_66629668,,,,,
observation_67139841,,,,,
observation_67288364,,,,,
observation_67456226,,,,,
observation_67641912,,,,,
observation_68837377,,,,,
observation_68924910,,,,,
observation_6974172,,,,,
observation_69839296,,,,,
observation_70426740,,,,,
observation_70539001,,,,,
observation_70795925,,,,,
observation_70884506,,,,,
observation_70962175,,,,,
observation_71038488,,,,,
observation_7109153,,,,,
observation_71213169,,,,,
observation_71276732,,,,,
observation_71335085,,,,,
observation_71491574,,,,,
observation_71531938,,,,,
observation_71554064,,,,,
observation_71596915,,,,,
observation_71616825,,,,,
observation_71617513,,,,,
observation_71640361,,,,,
observation_71643897,,,,,
observation_71765914,,,,,
observation_71847236,,,,,
observation_71904895,,,,,
observation_71979076,,,,,
observation_72025032,,,,,
observation_72048332,,,,,
observation_72135694,,,,,
observation_72178002,,,,,
observation_72275656,,,,,
observation_72492746,,,,,
observation_72505843,,,,,
observation_72567762,,,,,
observation_72567905,,,,,
observation_72579993,,,,,
observation_7258605,,,,,
observation_72827687,,,,,
observation_72831989,,,,,
observation_72845368,,,,,
observation_72897767,,,,,
observation_73084309,,,,,
observation_73110592,,,,,
observation_73111022,,,,,
observation_73118304,,,,,
observation_73143734,,,,,
observation_73241539,,,,,
observation_73682147,,,,,
observation_73682783,,,,,
observation_73893818,,,,,
observation_74067450,,,,,
observation_74093649,,,,,
observation_74178554,,,,,
observation_74471743,,,,,
observation_74577210,,,,,
observation_75112260,,,,,
observation_75112901,,,,,
observation_75249601,,,,,
observation_75911019,,,,,
observation_7816878,,,,,
observation_7940695,,,,,
observation_80006912,,,,,
observation_81372589,,,,,
observation_815909,,,,,
observation_83413415,,,,,
observation_84354468,,,,,
observation_90456748,,,,,
observation_90963111,,,,,
observation_91610242,,,,,
observation_92037841,,,,,
observation_9276519,,,,,
observation_9291757,,,,,
observation_93219972,,,,,
observation_9476788,,,,,